"0","rbind(coef(fit1), "
"0","      coef(fit2))"
"1","    "
"1"," (Intercept)"
"1","        x1"
"1","           x2"
"1","          x3"
"1","     I(x3^2)"
"1","        x4"
"1","
[1,]"
"1","  -1.6510089"
"1"," 0.1290543"
"1"," -0.004316285"
"1"," -0.12765985"
"1","  0.02000789"
"1"," 0.6547376"
"1","
[2,]"
"1","  -0.9691755"
"1"," 0.8598842"
"1","  0.008920075"
"1","  0.07081879"
"1"," -0.05443798"
"1"," 0.1837313"
"1","
"
